YEAR,enso_djf_lag,enso_mam_signal,enso_tendency,iod_mam_lag,enso_iod_interaction
1901,0.57,-0.09,-0.66,-0.5953,0.0536
1902,-0.37,0.1333,0.5033,-0.0807,-0.0108
1903,1.2167,0.35,-0.8667,-0.42,-0.147
1904,-0.8467,-0.6567,0.19,-0.1687,0.1108
1905,0.7533,0.7633,0.01,-0.3817,-0.2913
1906,0.91,0.4233,-0.4867,-0.5743,-0.2431
1907,-0.4967,-0.4867,0.01,-0.2423,0.1179
1908,-0.0967,-0.5433,-0.4467,-0.4233,0.23
1909,-0.7733,-0.5267,0.2467,-0.6013,0.3167
1910,-0.8833,-1.12,-0.2367,-0.4713,0.5279
1911,-0.5967,-0.9933,-0.3967,-0.638,0.6337
1912,1.1133,0.4233,-0.69,-0.1233,-0.0522
1913,-0.17,-0.2967,-0.1267,-0.196,0.0581
1914,0.7833,0.34,-0.4433,-0.2323,-0.079
1915,0.7367,0.4933,-0.2433,-0.3923,-0.1936
1916,-0.32,-0.4667,-0.1467,0.0137,-0.0064
1917,-1.4667,-0.41,1.0567,-0.2453,0.1006
1918,-0.7933,-0.5633,0.23,-0.2023,0.114
1919,1.38,0.74,-0.64,-0.3587,-0.2654
1920,0.5267,0.0533,-0.4733,0.156,0.0083
1921,-0.0333,-0.9633,-0.93,-0.104,0.1002
1922,-0.37,-0.08,0.29,-0.229,0.0183
1923,-0.5667,-0.55,0.0167,-0.2773,0.1525
1924,0.7033,-0.16,-0.8633,-0.37,0.0592
1925,-0.72,-0.4833,0.2367,0.144,-0.0696
1926,1.47,1.01,-0.46,-0.124,-0.1252
1927,0.0333,-0.3467,-0.38,-0.2853,0.0989
1928,0.31,-0.1667,-0.4767,-0.286,0.0477
1929,-0.0867,-0.1567,-0.07,-0.2737,0.0429
1930,0.4567,0.22,-0.2367,-0.3363,-0.074
1931,1.41,0.9233,-0.4867,-0.4433,-0.4093
1932,-0.2967,0.26,0.5567,-0.314,-0.0816
1933,-0.2367,-0.1967,0.04,-0.0427,0.0084
1934,-1.0067,-0.6167,0.39,-0.1667,0.1028
1935,-0.25,-0.38,-0.13,-0.0113,0.0043
1936,0.3967,0.0733,-0.3233,-0.1573,-0.0115
1937,0.21,0.01,-0.2,-0.2057,-0.0021
1938,0.08,-0.1,-0.18,-0.1067,0.0107
1939,-0.8033,-0.4567,0.3467,-0.194,0.0886
1940,0.87,0.7767,-0.0933,-0.4763,-0.37
1941,1.37,1.3633,-0.0067,-0.269,-0.3667
1942,0.8033,0.24,-0.5633,-0.42,-0.1008
1943,-1.2067,-0.6867,0.52,-0.2393,0.1643
1944,-0.2267,0.0133,0.24,-0.045,-0.0006
1945,-0.3633,-0.67,-0.3067,-0.2323,0.1557
1946,-0.4067,-0.41,-0.0033,-0.162,0.0664
1947,0.0967,-0.1133,-0.21,-0.0273,0.0031
1948,0.2,0.3967,0.1967,-0.0547,-0.0217
1949,0.06,-0.1433,-0.2033,-0.0157,0.0022
1950,-1.25,-1.0933,0.1567,-0.4917,0.5376
1951,-0.97,-0.3467,0.6233,-0.131,0.0454
1952,0.4467,0.0233,-0.4233,0.0173,0.0004
1953,0.0167,0.4467,0.43,0.15,0.067
1954,0.25,-0.28,-0.53,-0.2407,0.0674
1955,-0.7467,-0.9933,-0.2467,-0.2403,0.2387
1956,-1.2433,-0.7667,0.4767,-0.2903,0.2226
1957,-0.46,0.3167,0.7767,-0.2747,-0.087
1958,1.3733,0.54,-0.8333,-0.4057,-0.2191
1959,0.41,0.1733,-0.2367,-0.5407,-0.0937
1960,-0.09,-0.0067,0.0833,-0.639,0.0043
1961,-0.03,0.0067,0.0367,-0.391,-0.0026
1962,-0.2333,-0.3833,-0.15,-0.016,0.0061
1963,-0.3567,-0.04,0.3167,-0.0613,0.0025
1964,0.7867,-0.4767,-1.2633,-0.352,0.1678
1965,-0.6667,-0.08,0.5867,-0.337,0.027
1966,1.1367,0.4367,-0.7,-0.3997,-0.1745
1967,-0.4567,-0.4133,0.0433,-0.06,0.0248
1968,-0.5633,-0.5567,0.0067,0.0343,-0.0191
1969,0.8933,0.4433,-0.45,-0.052,-0.0231
1970,0.53,0.15,-0.38,0.1563,0.0235
1971,-1.2867,-1.0267,0.26,0.1247,-0.128
1972,-0.5633,0.0967,0.66,0.106,0.0102
1973,1.6233,-0.0167,-1.64,-0.011,0.0002
1974,-1.9,-1.0767,0.8233,-0.0143,0.0154
1975,-0.52,-0.7267,-0.2067,-0.1037,0.0753
1976,-1.4967,-0.53,0.9667,0.046,-0.0244
1977,0.6767,0.04,-0.6367,-0.0653,-0.0026
1978,0.7733,-0.27,-1.0433,-0.4433,0.1197
1979,0.07,0.07,0.0,-0.2283,-0.016
1980,0.5233,0.14,-0.3833,-0.1933,-0.0271
1981,-0.1833,-0.1,0.0833,0.0337,-0.0034
1982,-0.0333,0.29,0.3233,0.132,0.0383
1983,2.3267,1.31,-1.0167,-0.4553,-0.5965
1984,-0.76,-0.5733,0.1867,-0.1253,0.0719
1985,-1.11,-0.9467,0.1633,-0.3213,0.3042
1986,-0.61,-0.4633,0.1467,-0.2133,0.0988
1987,1.1133,1.0133,-0.1,-0.0433,-0.0439
1988,0.6967,-0.4167,-1.1133,-0.318,0.1325
1989,-1.7667,-1.08,0.6867,-0.4643,0.5015
1990,0.0833,0.26,0.1767,-0.2923,-0.076
1991,0.3833,0.25,-0.1333,0.21,0.0525
1992,1.6167,1.3933,-0.2233,-0.591,-0.8235
1993,0.2467,0.7733,0.5267,-0.1677,-0.1297
1994,0.0233,0.0367,0.0133,0.3657,0.0134
1995,1.06,0.2633,-0.7967,-0.174,-0.0458
1996,-0.6767,-0.4067,0.27,-0.24,0.0976
1997,-0.3667,0.3833,0.75,0.041,0.0157
1998,2.2667,1.0233,-1.2433,0.044,0.045
1999,-1.4833,-0.8667,0.6167,-0.0283,0.0246
2000,-1.62,-0.9533,0.6667,0.1317,-0.1255
2001,-0.81,-0.36,0.45,0.0877,-0.0316
2002,-0.2,0.1533,0.3533,-0.2243,-0.0344
2003,1.01,-0.0233,-1.0333,-0.1007,0.0023
2004,0.25,0.02,-0.23,-0.189,-0.0038
2005,0.51,0.2867,-0.2233,-0.1273,-0.0365
2006,-0.8133,-0.38,0.4333,-0.1497,0.0569
2007,0.6033,-0.2333,-0.8367,0.1617,-0.0377
2008,-1.7,-0.9,0.8,0.041,-0.0369
2009,-0.87,-0.2667,0.6033,0.161,-0.0429
2010,1.4733,0.4933,-0.98,0.2663,0.1314
2011,-1.53,-0.75,0.78,0.144,-0.108
2012,-0.8633,-0.3167,0.5467,-0.205,0.0649
2013,-0.3167,-0.1667,0.15,-0.24,0.04
2014,-0.32,0.22,0.54,-0.1003,-0.0221
2015,0.6433,0.8067,0.1633,-0.003,-0.0024
2016,2.41,1.0333,-1.3767,0.0083,0.0086
2017,-0.2867,0.1433,0.43,0.4637,0.0665
